"","samples","ID","sample_ID_simplified","sample_ID_extended","class","pch","col"
"1","Sample_0001","18NS005","Necktie River","Necktie River","Natural stand","16","blue4"
"2","Sample_0002","18NS013","Necktie River","Necktie River","Natural stand","16","blue4"
"3","Sample_0003","18NS021","Necktie River","Necktie River","Natural stand","16","blue4"
"4","Sample_0004","18NS029","Necktie River","Necktie River","Natural stand","16","blue4"
"5","Sample_0005","18NS037","Necktie River","Necktie River","Natural stand","16","blue4"
"6","Sample_0006","18NS045","Necktie River","Necktie River","Natural stand","16","blue4"
"7","Sample_0007","18NS053","Clearwater River","Clearwater River","Natural stand","15","orange"
"8","Sample_0008","18NS061","Clearwater River","Clearwater River","Natural stand","15","orange"
"9","Sample_0009","18NS069","Clearwater River","Clearwater River","Natural stand","15","orange"
"10","Sample_0010","18NS077","Clearwater River","Clearwater River","Natural stand","15","orange"
"11","Sample_0011","18NS085","Clearwater River","Clearwater River","Natural stand","15","orange"
"12","Sample_0012","18NS006","Necktie River","Necktie River","Natural stand","16","blue4"
"13","Sample_0013","18NS014","Necktie River","Necktie River","Natural stand","16","blue4"
"14","Sample_0014","18NS022","Necktie River","Necktie River","Natural stand","16","blue4"
"15","Sample_0015","18NS030","Necktie River","Necktie River","Natural stand","16","blue4"
"16","Sample_0016","18NS038","Necktie River","Necktie River","Natural stand","16","blue4"
"17","Sample_0017","18NS046","Necktie River","Necktie River","Natural stand","16","blue4"
"18","Sample_0018","18NS054","Clearwater River","Clearwater River","Natural stand","15","orange"
"19","Sample_0019","18NS062","Clearwater River","Clearwater River","Natural stand","15","orange"
"20","Sample_0020","18NS070","Clearwater River","Clearwater River","Natural stand","15","orange"
"21","Sample_0021","18NS078","Clearwater River","Clearwater River","Natural stand","15","orange"
"22","Sample_0022","18NS086","Clearwater River","Clearwater River","Natural stand","15","orange"
"23","Sample_0023","18NS007","Necktie River","Necktie River","Natural stand","16","blue4"
"24","Sample_0024","18NS015","Necktie River","Necktie River","Natural stand","16","blue4"
"25","Sample_0025","18NS023","Necktie River","Necktie River","Natural stand","16","blue4"
"26","Sample_0026","18NS031","Necktie River","Necktie River","Natural stand","16","blue4"
"27","Sample_0027","18NS039","Necktie River","Necktie River","Natural stand","16","blue4"
"28","Sample_0028","18NS047","Necktie River","Necktie River","Natural stand","16","blue4"
"29","Sample_0029","18NS055","Clearwater River","Clearwater River","Natural stand","15","orange"
"30","Sample_0030","18NS063","Clearwater River","Clearwater River","Natural stand","15","orange"
"31","Sample_0031","18NS071","Clearwater River","Clearwater River","Natural stand","15","orange"
"32","Sample_0032","18NS079","Clearwater River","Clearwater River","Natural stand","15","orange"
"33","Sample_0033","18NS087","Clearwater River","Clearwater River","Natural stand","15","orange"
"34","Sample_0034","18NS008","Necktie River","Necktie River","Natural stand","16","blue4"
"35","Sample_0035","18NS016","Necktie River","Necktie River","Natural stand","16","blue4"
"36","Sample_0036","18NS024","Necktie River","Necktie River","Natural stand","16","blue4"
"37","Sample_0037","18NS032","Necktie River","Necktie River","Natural stand","16","blue4"
"38","Sample_0038","18NS040","Necktie River","Necktie River","Natural stand","16","blue4"
"39","Sample_0039","18NS048","Necktie River","Necktie River","Natural stand","16","blue4"
"40","Sample_0040","18NS056","Clearwater River","Clearwater River","Natural stand","15","orange"
"41","Sample_0041","18NS064","Clearwater River","Clearwater River","Natural stand","15","orange"
"42","Sample_0042","18NS072","Clearwater River","Clearwater River","Natural stand","15","orange"
"43","Sample_0043","18NS080","Clearwater River","Clearwater River","Natural stand","15","orange"
"44","Sample_0044","18NS088","Clearwater River","Clearwater River","Natural stand","15","orange"
"45","Sample_0045","18NS001","Necktie River","Necktie River","Natural stand","16","blue4"
"46","Sample_0046","18NS009","Necktie River","Necktie River","Natural stand","16","blue4"
"47","Sample_0047","18NS017","Necktie River","Necktie River","Natural stand","16","blue4"
"48","Sample_0048","18NS025","Necktie River","Necktie River","Natural stand","16","blue4"
"49","Sample_0049","18NS033","Necktie River","Necktie River","Natural stand","16","blue4"
"50","Sample_0050","18NS041","Necktie River","Necktie River","Natural stand","16","blue4"
"51","Sample_0051","18NS049","Necktie River","Necktie River","Natural stand","16","blue4"
"52","Sample_0052","18NS057","Clearwater River","Clearwater River","Natural stand","15","orange"
"53","Sample_0053","18NS065","Clearwater River","Clearwater River","Natural stand","15","orange"
"54","Sample_0054","18NS073","Clearwater River","Clearwater River","Natural stand","15","orange"
"55","Sample_0055","18NS081","Clearwater River","Clearwater River","Natural stand","15","orange"
"56","Sample_0056","18NS089","Clearwater River","Clearwater River","Natural stand","15","orange"
"57","Sample_0057","18NS002","Necktie River","Necktie River","Natural stand","16","blue4"
"58","Sample_0058","18NS010","Necktie River","Necktie River","Natural stand","16","blue4"
"59","Sample_0059","18NS018","Necktie River","Necktie River","Natural stand","16","blue4"
"60","Sample_0060","18NS026","Necktie River","Necktie River","Natural stand","16","blue4"
"61","Sample_0061","18NS034","Necktie River","Necktie River","Natural stand","16","blue4"
"62","Sample_0062","18NS042","Necktie River","Necktie River","Natural stand","16","blue4"
"63","Sample_0063","18NS050","Necktie River","Necktie River","Natural stand","16","blue4"
"64","Sample_0064","18NS058","Clearwater River","Clearwater River","Natural stand","15","orange"
"65","Sample_0065","18NS066","Clearwater River","Clearwater River","Natural stand","15","orange"
"66","Sample_0066","18NS074","Clearwater River","Clearwater River","Natural stand","15","orange"
"67","Sample_0067","18NS082","Clearwater River","Clearwater River","Natural stand","15","orange"
"68","Sample_0068","18NS090","Clearwater River","Clearwater River","Natural stand","15","orange"
"69","Sample_0069","18NS003","Necktie River","Necktie River","Natural stand","16","blue4"
"70","Sample_0070","18NS011","Necktie River","Necktie River","Natural stand","16","blue4"
"71","Sample_0071","18NS019","Necktie River","Necktie River","Natural stand","16","blue4"
"72","Sample_0072","18NS027","Necktie River","Necktie River","Natural stand","16","blue4"
"73","Sample_0073","18NS035","Necktie River","Necktie River","Natural stand","16","blue4"
"74","Sample_0074","18NS043","Necktie River","Necktie River","Natural stand","16","blue4"
"75","Sample_0075","18NS051","Clearwater River","Clearwater River","Natural stand","15","orange"
"76","Sample_0076","18NS059","Clearwater River","Clearwater River","Natural stand","15","orange"
"77","Sample_0077","18NS067","Clearwater River","Clearwater River","Natural stand","15","orange"
"78","Sample_0078","18NS075","Clearwater River","Clearwater River","Natural stand","15","orange"
"79","Sample_0079","18NS083","Clearwater River","Clearwater River","Natural stand","15","orange"
"80","Sample_0080","18NS091","Clearwater River","Clearwater River","Natural stand","15","orange"
"81","Sample_0081","18NS004","Necktie River","Necktie River","Natural stand","16","blue4"
"82","Sample_0082","18NS012","Necktie River","Necktie River","Natural stand","16","blue4"
"83","Sample_0083","18NS020","Necktie River","Necktie River","Natural stand","16","blue4"
"84","Sample_0084","18NS028","Necktie River","Necktie River","Natural stand","16","blue4"
"85","Sample_0085","18NS036","Necktie River","Necktie River","Natural stand","16","blue4"
"86","Sample_0086","18NS044","Necktie River","Necktie River","Natural stand","16","blue4"
"87","Sample_0087","18NS052","Clearwater River","Clearwater River","Natural stand","15","orange"
"88","Sample_0088","18NS060","Clearwater River","Clearwater River","Natural stand","15","orange"
"89","Sample_0089","18NS068","Clearwater River","Clearwater River","Natural stand","15","orange"
"90","Sample_0090","18NS076","Clearwater River","Clearwater River","Natural stand","15","orange"
"91","Sample_0091","18NS084","Clearwater River","Clearwater River","Natural stand","15","orange"
"92","Sample_0092","18NS092","Clearwater River","Clearwater River","Natural stand","15","orange"
"93","Sample_0093","18NS093","Clearwater River","Clearwater River","Natural stand","15","orange"
"94","Sample_0094","18NS097","Clearwater River","Clearwater River","Natural stand","15","orange"
"95","Sample_0095","18NS105","Upper Rice Lake","Upper Rice Lake","Natural stand","15","purple"
"96","Sample_0096","18NS113","Upper Rice Lake","Upper Rice Lake","Natural stand","15","purple"
"97","Sample_0097","18NS121","Upper Rice Lake","Upper Rice Lake","Natural stand","15","purple"
"98","Sample_0098","18NS129","Upper Rice Lake","Upper Rice Lake","Natural stand","15","purple"
"99","Sample_0099","18NS137","Upper Rice Lake","Upper Rice Lake","Natural stand","15","purple"
"100","Sample_0100","18NS145","Upper Rice Lake","Upper Rice Lake","Natural stand","15","purple"
"101","Sample_0101","18NS153","Garfield Lake","Garfield Lake","Natural stand","16","green3"
"102","Sample_0102","18NS161","Garfield Lake","Garfield Lake","Natural stand","16","green3"
"103","Sample_0103","18NS169","Garfield Lake","Garfield Lake","Natural stand","16","green3"
"104","Sample_0104","18NS177","Garfield Lake","Garfield Lake","Natural stand","16","green3"
"105","Sample_0105","18NS094","Clearwater River","Clearwater River","Natural stand","15","orange"
"106","Sample_0106","18NS098","Clearwater River","Clearwater River","Natural stand","15","orange"
"107","Sample_0107","18NS106","Upper Rice Lake","Upper Rice Lake","Natural stand","15","purple"
"108","Sample_0108","18NS114","Upper Rice Lake","Upper Rice Lake","Natural stand","15","purple"
"109","Sample_0109","18NS122","Upper Rice Lake","Upper Rice Lake","Natural stand","15","purple"
"110","Sample_0110","18NS130","Upper Rice Lake","Upper Rice Lake","Natural stand","15","purple"
"111","Sample_0111","18NS138","Upper Rice Lake","Upper Rice Lake","Natural stand","15","purple"
"112","Sample_0112","18NS146","Upper Rice Lake","Upper Rice Lake","Natural stand","15","purple"
"113","Sample_0113","18NS154","Garfield Lake","Garfield Lake","Natural stand","16","green3"
"114","Sample_0114","18NS162","Garfield Lake","Garfield Lake","Natural stand","16","green3"
"115","Sample_0115","18NS170","Garfield Lake","Garfield Lake","Natural stand","16","green3"
"116","Sample_0116","18NS178","Garfield Lake","Garfield Lake","Natural stand","16","green3"
"117","Sample_0117","18NS095","Clearwater River","Clearwater River","Natural stand","15","orange"
"118","Sample_0118","18NS099","Clearwater River","Clearwater River","Natural stand","15","orange"
"119","Sample_0119","18NS107","Upper Rice Lake","Upper Rice Lake","Natural stand","15","purple"
"120","Sample_0120","18NS115","Upper Rice Lake","Upper Rice Lake","Natural stand","15","purple"
"121","Sample_0121","18NS123","Upper Rice Lake","Upper Rice Lake","Natural stand","15","purple"
"122","Sample_0122","18NS131","Upper Rice Lake","Upper Rice Lake","Natural stand","15","purple"
"123","Sample_0123","18NS139","Upper Rice Lake","Upper Rice Lake","Natural stand","15","purple"
"124","Sample_0124","18NS147","Upper Rice Lake","Upper Rice Lake","Natural stand","15","purple"
"125","Sample_0125","18NS155","Garfield Lake","Garfield Lake","Natural stand","16","green3"
"126","Sample_0126","18NS163","Garfield Lake","Garfield Lake","Natural stand","16","green3"
"127","Sample_0127","18NS171","Garfield Lake","Garfield Lake","Natural stand","16","green3"
"128","Sample_0128","18NS179","Garfield Lake","Garfield Lake","Natural stand","16","green3"
"129","Sample_0129","18NS096","Clearwater River","Clearwater River","Natural stand","15","orange"
"130","Sample_0130","18NS100","Clearwater River","Clearwater River","Natural stand","15","orange"
"131","Sample_0131","18NS108","Upper Rice Lake","Upper Rice Lake","Natural stand","15","purple"
"132","Sample_0132","18NS116","Upper Rice Lake","Upper Rice Lake","Natural stand","15","purple"
"133","Sample_0133","18NS124","Upper Rice Lake","Upper Rice Lake","Natural stand","15","purple"
"134","Sample_0134","18NS132","Upper Rice Lake","Upper Rice Lake","Natural stand","15","purple"
"135","Sample_0135","18NS140","Upper Rice Lake","Upper Rice Lake","Natural stand","15","purple"
"136","Sample_0136","18NS148","Upper Rice Lake","Upper Rice Lake","Natural stand","15","purple"
"137","Sample_0137","18NS156","Garfield Lake","Garfield Lake","Natural stand","16","green3"
"138","Sample_0138","18NS164","Garfield Lake","Garfield Lake","Natural stand","16","green3"
"139","Sample_0139","18NS172","Garfield Lake","Garfield Lake","Natural stand","16","green3"
"140","Sample_0140","18NS180","Garfield Lake","Garfield Lake","Natural stand","16","green3"
"141","Sample_0141","18NS101","Upper Rice Lake","Upper Rice Lake","Natural stand","15","purple"
"142","Sample_0142","18NS109","Upper Rice Lake","Upper Rice Lake","Natural stand","15","purple"
"143","Sample_0143","18NS117","Upper Rice Lake","Upper Rice Lake","Natural stand","15","purple"
"144","Sample_0144","18NS125","Upper Rice Lake","Upper Rice Lake","Natural stand","15","purple"
"145","Sample_0145","18NS133","Upper Rice Lake","Upper Rice Lake","Natural stand","15","purple"
"146","Sample_0146","18NS141","Upper Rice Lake","Upper Rice Lake","Natural stand","15","purple"
"147","Sample_0147","18NS149","Upper Rice Lake","Upper Rice Lake","Natural stand","15","purple"
"148","Sample_0148","18NS157","Garfield Lake","Garfield Lake","Natural stand","16","green3"
"149","Sample_0149","18NS165","Garfield Lake","Garfield Lake","Natural stand","16","green3"
"150","Sample_0150","18NS173","Garfield Lake","Garfield Lake","Natural stand","16","green3"
"151","Sample_0151","18NS181","Garfield Lake","Garfield Lake","Natural stand","16","green3"
"152","Sample_0152","18NS102","Upper Rice Lake","Upper Rice Lake","Natural stand","15","purple"
"153","Sample_0153","18NS110","Upper Rice Lake","Upper Rice Lake","Natural stand","15","purple"
"154","Sample_0154","18NS118","Upper Rice Lake","Upper Rice Lake","Natural stand","15","purple"
"155","Sample_0155","18NS126","Upper Rice Lake","Upper Rice Lake","Natural stand","15","purple"
"156","Sample_0156","18NS134","Upper Rice Lake","Upper Rice Lake","Natural stand","15","purple"
"157","Sample_0157","18NS142","Upper Rice Lake","Upper Rice Lake","Natural stand","15","purple"
"158","Sample_0158","18NS150","Upper Rice Lake","Upper Rice Lake","Natural stand","15","purple"
"159","Sample_0159","18NS158","Garfield Lake","Garfield Lake","Natural stand","16","green3"
"160","Sample_0160","18NS166","Garfield Lake","Garfield Lake","Natural stand","16","green3"
"161","Sample_0161","18NS174","Garfield Lake","Garfield Lake","Natural stand","16","green3"
"162","Sample_0162","18NS182","Garfield Lake","Garfield Lake","Natural stand","16","green3"
"163","Sample_0163","18NS103","Upper Rice Lake","Upper Rice Lake","Natural stand","15","purple"
"164","Sample_0164","18NS111","Upper Rice Lake","Upper Rice Lake","Natural stand","15","purple"
"165","Sample_0165","18NS119","Upper Rice Lake","Upper Rice Lake","Natural stand","15","purple"
"166","Sample_0166","18NS127","Upper Rice Lake","Upper Rice Lake","Natural stand","15","purple"
"167","Sample_0167","18NS135","Upper Rice Lake","Upper Rice Lake","Natural stand","15","purple"
"168","Sample_0168","18NS143","Upper Rice Lake","Upper Rice Lake","Natural stand","15","purple"
"169","Sample_0169","18NS151","Garfield Lake","Garfield Lake","Natural stand","16","green3"
"170","Sample_0170","18NS159","Garfield Lake","Garfield Lake","Natural stand","16","green3"
"171","Sample_0171","18NS167","Garfield Lake","Garfield Lake","Natural stand","16","green3"
"172","Sample_0172","18NS175","Garfield Lake","Garfield Lake","Natural stand","16","green3"
"173","Sample_0173","18NS183","Garfield Lake","Garfield Lake","Natural stand","16","green3"
"174","Sample_0174","18NS104","Upper Rice Lake","Upper Rice Lake","Natural stand","15","purple"
"175","Sample_0175","18NS112","Upper Rice Lake","Upper Rice Lake","Natural stand","15","purple"
"176","Sample_0176","18NS120","Upper Rice Lake","Upper Rice Lake","Natural stand","15","purple"
"177","Sample_0177","18NS128","Upper Rice Lake","Upper Rice Lake","Natural stand","15","purple"
"178","Sample_0178","18NS136","Upper Rice Lake","Upper Rice Lake","Natural stand","15","purple"
"179","Sample_0179","18NS144","Upper Rice Lake","Upper Rice Lake","Natural stand","15","purple"
"180","Sample_0180","18NS152","Garfield Lake","Garfield Lake","Natural stand","16","green3"
"181","Sample_0181","18NS160","Garfield Lake","Garfield Lake","Natural stand","16","green3"
"182","Sample_0182","18NS168","Garfield Lake","Garfield Lake","Natural stand","16","green3"
"183","Sample_0183","18NS176","Garfield Lake","Garfield Lake","Natural stand","16","green3"
"184","Sample_0184","18NS184","Garfield Lake","Garfield Lake","Natural stand","16","green3"
"185","Sample_0185","18NS185","Garfield Lake","Garfield Lake","Natural stand","16","green3"
"186","Sample_0186","18NS197","Garfield Lake","Garfield Lake","Natural stand","16","green3"
"187","Sample_0187","18NS205","Plantagenet","Plantagenet","Natural stand","16","violet"
"188","Sample_0188","18NS213","Plantagenet","Plantagenet","Natural stand","16","violet"
"189","Sample_0189","18NS221","Plantagenet","Plantagenet","Natural stand","16","violet"
"190","Sample_0190","18NS229","Plantagenet","Plantagenet","Natural stand","16","violet"
"191","Sample_0191","18NS237","Plantagenet","Plantagenet","Natural stand","16","violet"
"192","Sample_0192","18NS245","Plantagenet","Plantagenet","Natural stand","16","violet"
"193","Sample_0193","18NS253","Aquatica_species","AquaticaSpecies","Natural stand","17","red3"
"194","Sample_0194","18NS261","Aquatica_species","Aquatica_species","Natural stand","17","red3"
"195","Sample_0195","18NS269","Aquatica_species","Aquatica_species","Natural stand","17","red3"
"196","Sample_0196","18NS186","Garfield Lake","Garfield Lake","Natural stand","16","green3"
"197","Sample_0197","18NS198","Garfield Lake","Garfield Lake","Natural stand","16","green3"
"198","Sample_0198","18NS206","Plantagenet","Plantagenet","Natural stand","16","violet"
"199","Sample_0199","18NS214","Plantagenet","Plantagenet","Natural stand","16","violet"
"200","Sample_0200","18NS222","Plantagenet","Plantagenet","Natural stand","16","violet"
"201","Sample_0201","18NS230","Plantagenet","Plantagenet","Natural stand","16","violet"
"202","Sample_0202","18NS238","Plantagenet","Plantagenet","Natural stand","16","violet"
"203","Sample_0203","18NS246","Plantagenet","Plantagenet","Natural stand","16","violet"
"204","Sample_0204","18NS254","Aquatica_species","AquaticaSpecies","Natural stand","17","red3"
"205","Sample_0205","18NS262","Aquatica_species","Aquatica_species","Natural stand","17","red3"
"206","Sample_0206","18NS270","Aquatica_species","Aquatica_species","Natural stand","17","red3"
"207","Sample_0207","18NS187","Garfield Lake","Garfield Lake","Natural stand","16","green3"
"208","Sample_0208","18NS199","Garfield Lake","Garfield Lake","Natural stand","16","green3"
"209","Sample_0209","18NS207","Plantagenet","Plantagenet","Natural stand","16","violet"
"210","Sample_0210","18NS215","Plantagenet","Plantagenet","Natural stand","16","violet"
"211","Sample_0211","18NS223","Plantagenet","Plantagenet","Natural stand","16","violet"
"212","Sample_0212","18NS231","Plantagenet","Plantagenet","Natural stand","16","violet"
"213","Sample_0213","18NS239","Plantagenet","Plantagenet","Natural stand","16","violet"
"214","Sample_0214","18NS247","Plantagenet","Plantagenet","Natural stand","16","violet"
"215","Sample_0215","18NS255","Aquatica_species","AquaticaSpecies","Natural stand","17","red3"
"216","Sample_0216","18NS263","Aquatica_species","Aquatica_species","Natural stand","17","red3"
"217","Sample_0217","18NS271","Aquatica_species","Aquatica_species","Natural stand","17","red3"
"218","Sample_0218","18NS188","Garfield Lake","Garfield Lake","Natural stand","16","green3"
"219","Sample_0219","18NS200","Garfield Lake","Garfield Lake","Natural stand","16","green3"
"220","Sample_0220","18NS208","Plantagenet","Plantagenet","Natural stand","16","violet"
"221","Sample_0221","18NS216","Plantagenet","Plantagenet","Natural stand","16","violet"
"222","Sample_0222","18NS224","Plantagenet","Plantagenet","Natural stand","16","violet"
"223","Sample_0223","18NS232","Plantagenet","Plantagenet","Natural stand","16","violet"
"224","Sample_0224","18NS240","Plantagenet","Plantagenet","Natural stand","16","violet"
"225","Sample_0225","18NS248","Plantagenet","Plantagenet","Natural stand","16","violet"
"226","Sample_0226","18NS256","Aquatica_species","Aquatica_species","Natural stand","17","red3"
"227","Sample_0227","18NS264","Aquatica_species","Aquatica_species","Natural stand","17","red3"
"228","Sample_0228","18NS272","Aquatica_species","Aquatica_species","Natural stand","17","red3"
"229","Sample_0229","18NS189","Garfield Lake","Garfield Lake","Natural stand","16","green3"
"230","Sample_0230","18NS193","Garfield Lake","Garfield Lake","Natural stand","16","green3"
"231","Sample_0231","18NS201","Plantagenet","Plantagenet","Natural stand","16","violet"
"232","Sample_0232","18NS209","Plantagenet","Plantagenet","Natural stand","16","violet"
"233","Sample_0233","18NS217","Plantagenet","Plantagenet","Natural stand","16","violet"
"234","Sample_0234","18NS225","Plantagenet","Plantagenet","Natural stand","16","violet"
"235","Sample_0235","18NS233","Plantagenet","Plantagenet","Natural stand","16","violet"
"236","Sample_0236","18NS241","Plantagenet","Plantagenet","Natural stand","16","violet"
"237","Sample_0237","18NS249","Plantagenet","Plantagenet","Natural stand","16","violet"
"238","Sample_0238","18NS257","Aquatica_species","Aquatica_species","Natural stand","17","red3"
"239","Sample_0239","18NS265","Aquatica_species","Aquatica_species","Natural stand","17","red3"
"240","Sample_0240","18NS273","Aquatica_species","Aquatica_species","Natural stand","17","red3"
"241","Sample_0241","18NS190","Garfield Lake","Garfield Lake","Natural stand","16","green3"
"242","Sample_0242","18NS194","Garfield Lake","Garfield Lake","Natural stand","16","green3"
"243","Sample_0243","18NS202","Plantagenet","Plantagenet","Natural stand","16","violet"
"244","Sample_0244","18NS210","Plantagenet","Plantagenet","Natural stand","16","violet"
"245","Sample_0245","18NS218","Plantagenet","Plantagenet","Natural stand","16","violet"
"246","Sample_0246","18NS226","Plantagenet","Plantagenet","Natural stand","16","violet"
"247","Sample_0247","18NS234","Plantagenet","Plantagenet","Natural stand","16","violet"
"248","Sample_0248","18NS242","Plantagenet","Plantagenet","Natural stand","16","violet"
"249","Sample_0249","18NS250","Plantagenet","Plantagenet","Natural stand","16","violet"
"250","Sample_0250","18NS258","Aquatica_species","Aquatica_species","Natural stand","17","red3"
"251","Sample_0251","18NS266","Aquatica_species","Aquatica_species","Natural stand","17","red3"
"252","Sample_0252","18NS274","Aquatica_species","Aquatica_species","Natural stand","17","red3"
"253","Sample_0253","18NS191","Garfield Lake","Garfield Lake","Natural stand","16","green3"
"254","Sample_0254","18NS195","Garfield Lake","Garfield Lake","Natural stand","16","green3"
"255","Sample_0255","18NS203","Plantagenet","Plantagenet","Natural stand","16","violet"
"256","Sample_0256","18NS211","Plantagenet","Plantagenet","Natural stand","16","violet"
"257","Sample_0257","18NS219","Plantagenet","Plantagenet","Natural stand","16","violet"
"258","Sample_0258","18NS227","Plantagenet","Plantagenet","Natural stand","16","violet"
"259","Sample_0259","18NS235","Plantagenet","Plantagenet","Natural stand","16","violet"
"260","Sample_0260","18NS243","Plantagenet","Plantagenet","Natural stand","16","violet"
"261","Sample_0261","18NS251","Aquatica_species","AquaticaSpecies","Natural stand","17","red3"
"262","Sample_0262","18NS259","Aquatica_species","Aquatica_species","Natural stand","17","red3"
"263","Sample_0263","18NS267","Aquatica_species","Aquatica_species","Natural stand","17","red3"
"264","Sample_0264","18NS275","Aquatica_species","Aquatica_species","Natural stand","17","red3"
"265","Sample_0265","18NS192","Garfield Lake","Garfield Lake","Natural stand","16","green3"
"266","Sample_0266","18NS196","Garfield Lake","Garfield Lake","Natural stand","16","green3"
"267","Sample_0267","18NS204","Plantagenet","Plantagenet","Natural stand","16","violet"
"268","Sample_0268","18NS212","Plantagenet","Plantagenet","Natural stand","16","violet"
"269","Sample_0269","18NS220","Plantagenet","Plantagenet","Natural stand","16","violet"
"270","Sample_0270","18NS228","Plantagenet","Plantagenet","Natural stand","16","violet"
"271","Sample_0271","18NS236","Plantagenet","Plantagenet","Natural stand","16","violet"
"272","Sample_0272","18NS244","Plantagenet","Plantagenet","Natural stand","16","violet"
"273","Sample_0273","18NS252","Aquatica_species","AquaticaSpecies","Natural stand","17","red3"
"274","Sample_0274","18NS260","Aquatica_species","Aquatica_species","Natural stand","17","red3"
"275","Sample_0275","18NS268","Aquatica_species","Aquatica_species","Natural stand","17","red3"
"276","Sample_0276","18NS276","Aquatica_species","Aquatica_species","Natural stand","17","red3"
"277","Sample_0277","18NS277","Aquatica_species","Aquatica_species","Natural stand","17","red3"
"278","Sample_0278","18NS285","Aquatica_species","Aquatica_species","Natural stand","17","red3"
"279","Sample_0279","18NS289","Aquatica_species","Aquatica_species","Natural stand","17","red3"
"280","Sample_0280","18NS297","Aquatica_species","Aquatica_species","Natural stand","17","red3"
"281","Sample_0281","18NS305","Bass Lake","Bass Lake","Natural stand","16","red"
"282","Sample_0282","18NS313","Bass Lake","Bass Lake","Natural stand","16","red"
"283","Sample_0283","18NS321","Bass Lake","Bass Lake","Natural stand","16","red"
"284","Sample_0284","18NS329","Bass Lake","Bass Lake","Natural stand","16","red"
"285","Sample_0285","18NS337","Bass Lake","Bass Lake","Natural stand","16","red"
"286","Sample_0286","18NS345","Bass Lake","Bass Lake","Natural stand","16","red"
"287","Sample_0287","18NS353","Dahler Lake","Dahler Lake","Natural stand","16","yellow3"
"288","Sample_0288","18NS361","Dahler Lake","Dahler Lake","Natural stand","16","yellow3"
"289","Sample_0289","18NS278","Aquatica_species","Aquatica_species","Natural stand","17","red3"
"290","Sample_0290","18NS286","Aquatica_species","Aquatica_species","Natural stand","17","red3"
"291","Sample_0291","18NS290","Aquatica_species","Aquatica_species","Natural stand","17","red3"
"292","Sample_0292","18NS298","Aquatica_species","Aquatica_species","Natural stand","17","red3"
"293","Sample_0293","18NS306","Bass Lake","Bass Lake","Natural stand","16","red"
"294","Sample_0294","18NS314","Bass Lake","Bass Lake","Natural stand","16","red"
"295","Sample_0295","18NS322","Bass Lake","Bass Lake","Natural stand","16","red"
"296","Sample_0296","18NS330","Bass Lake","Bass Lake","Natural stand","16","red"
"297","Sample_0297","18NS338","Bass Lake","Bass Lake","Natural stand","16","red"
"298","Sample_0298","18NS346","Bass Lake","Bass Lake","Natural stand","16","red"
"299","Sample_0299","18NS354","Dahler Lake","Dahler Lake","Natural stand","16","yellow3"
"300","Sample_0300","18NS362","Dahler Lake","Dahler Lake","Natural stand","16","yellow3"
"301","Sample_0301","18NS279","Aquatica_species","Aquatica_species","Natural stand","17","red3"
"302","Sample_0302","18NS287","Aquatica_species","Aquatica_species","Natural stand","17","red3"
"303","Sample_0303","18NS291","Aquatica_species","Aquatica_species","Natural stand","17","red3"
"304","Sample_0304","18NS299","Aquatica_species","Aquatica_species","Natural stand","17","red3"
"305","Sample_0305","18NS307","Bass Lake","Bass Lake","Natural stand","16","red"
"306","Sample_0306","18NS315","Bass Lake","Bass Lake","Natural stand","16","red"
"307","Sample_0307","18NS323","Bass Lake","Bass Lake","Natural stand","16","red"
"308","Sample_0308","18NS331","Bass Lake","Bass Lake","Natural stand","16","red"
"309","Sample_0309","18NS339","Bass Lake","Bass Lake","Natural stand","16","red"
"310","Sample_0310","18NS347","Bass Lake","Bass Lake","Natural stand","16","red"
"311","Sample_0311","18NS355","Dahler Lake","Dahler Lake","Natural stand","16","yellow3"
"312","Sample_0312","18NS363","Dahler Lake","Dahler Lake","Natural stand","16","yellow3"
"313","Sample_0313","18NS280","Aquatica_species","Aquatica_species","Natural stand","17","red3"
"314","Sample_0314","18NS288","Aquatica_species","Aquatica_species","Natural stand","17","red3"
"315","Sample_0315","18NS292","Aquatica_species","Aquatica_species","Natural stand","17","red3"
"316","Sample_0316","18NS300","Aquatica_species","Aquatica_species","Natural stand","17","red3"
"317","Sample_0317","18NS308","Bass Lake","Bass Lake","Natural stand","16","red"
"318","Sample_0318","18NS316","Bass Lake","Bass Lake","Natural stand","16","red"
"319","Sample_0319","18NS324","Bass Lake","Bass Lake","Natural stand","16","red"
"320","Sample_0320","18NS332","Bass Lake","Bass Lake","Natural stand","16","red"
"321","Sample_0321","18NS340","Bass Lake","Bass Lake","Natural stand","16","red"
"322","Sample_0322","18NS348","Bass Lake","Bass Lake","Natural stand","16","red"
"323","Sample_0323","18NS356","Dahler Lake","Dahler Lake","Natural stand","16","yellow3"
"324","Sample_0324","18NS364","Dahler Lake","Dahler Lake","Natural stand","16","yellow3"
"325","Sample_0325","18NS281","Aquatica_species","Aquatica_species","Natural stand","17","red3"
"326","Sample_0326","18NS293","Aquatica_species","Aquatica_species","Natural stand","17","red3"
"327","Sample_0327","18NS301","Bass Lake","Bass Lake","Natural stand","16","red"
"328","Sample_0328","18NS309","Bass Lake","Bass Lake","Natural stand","16","red"
"329","Sample_0329","18NS317","Bass Lake","Bass Lake","Natural stand","16","red"
"330","Sample_0330","18NS325","Bass Lake","Bass Lake","Natural stand","16","red"
"331","Sample_0331","18NS333","Bass Lake","Bass Lake","Natural stand","16","red"
"332","Sample_0332","18NS341","Bass Lake","Bass Lake","Natural stand","16","red"
"333","Sample_0333","18NS349","Bass Lake","Bass Lake","Natural stand","16","red"
"334","Sample_0334","18NS357","Dahler Lake","Dahler Lake","Natural stand","16","yellow3"
"335","Sample_0335","18NS365","Dahler Lake","Dahler Lake","Natural stand","16","yellow3"
"336","Sample_0336","18NS282","Aquatica_species","Aquatica_species","Natural stand","17","red3"
"337","Sample_0337","18NS294","Aquatica_species","Aquatica_species","Natural stand","17","red3"
"338","Sample_0338","18NS302","Bass Lake","Bass Lake","Natural stand","16","red"
"339","Sample_0339","18NS310","Bass Lake","Bass Lake","Natural stand","16","red"
"340","Sample_0340","18NS318","Bass Lake","Bass Lake","Natural stand","16","red"
"341","Sample_0341","18NS326","Bass Lake","Bass Lake","Natural stand","16","red"
"342","Sample_0342","18NS334","Bass Lake","Bass Lake","Natural stand","16","red"
"343","Sample_0343","18NS342","Bass Lake","Bass Lake","Natural stand","16","red"
"344","Sample_0344","18NS350","Bass Lake","Bass Lake","Natural stand","16","red"
"345","Sample_0345","18NS358","Dahler Lake","Dahler Lake","Natural stand","16","yellow3"
"346","Sample_0346","18NS366","Dahler Lake","Dahler Lake","Natural stand","16","yellow3"
"347","Sample_0347","18NS283","Aquatica_species","Aquatica_species","Natural stand","17","red3"
"348","Sample_0348","18NS295","Aquatica_species","Aquatica_species","Natural stand","17","red3"
"349","Sample_0349","18NS303","Bass Lake","Bass Lake","Natural stand","16","red"
"350","Sample_0350","18NS311","Bass Lake","Bass Lake","Natural stand","16","red"
"351","Sample_0351","18NS319","Bass Lake","Bass Lake","Natural stand","16","red"
"352","Sample_0352","18NS327","Bass Lake","Bass Lake","Natural stand","16","red"
"353","Sample_0353","18NS335","Bass Lake","Bass Lake","Natural stand","16","red"
"354","Sample_0354","18NS343","Bass Lake","Bass Lake","Natural stand","16","red"
"355","Sample_0355","18NS351","Dahler Lake","Dahler Lake","Natural stand","16","yellow3"
"356","Sample_0356","18NS359","Dahler Lake","Dahler Lake","Natural stand","16","yellow3"
"357","Sample_0357","18NS367","Dahler Lake","Dahler Lake","Natural stand","16","yellow3"
"358","Sample_0358","18NS284","Aquatica_species","Aquatica_species","Natural stand","17","red3"
"359","Sample_0359","18NS296","Aquatica_species","Aquatica_species","Natural stand","17","red3"
"360","Sample_0360","18NS304","Bass Lake","Bass Lake","Natural stand","16","red"
"361","Sample_0361","18NS312","Bass Lake","Bass Lake","Natural stand","16","red"
"362","Sample_0362","18NS320","Bass Lake","Bass Lake","Natural stand","16","red"
"363","Sample_0363","18NS328","Bass Lake","Bass Lake","Natural stand","16","red"
"364","Sample_0364","18NS336","Bass Lake","Bass Lake","Natural stand","16","red"
"365","Sample_0365","18NS344","Bass Lake","Bass Lake","Natural stand","16","red"
"366","Sample_0366","18NS352","Dahler Lake","Dahler Lake","Natural stand","16","yellow3"
"367","Sample_0367","18NS360","Dahler Lake","Dahler Lake","Natural stand","16","yellow3"
"368","Sample_0368","18NS368","Dahler Lake","Dahler Lake","Natural stand","16","yellow3"
"369","Sample_0369","18NS369","Dahler Lake","Dahler Lake","Natural stand","16","yellow3"
"370","Sample_0370","18NS377","Dahler Lake","Dahler Lake","Natural stand","16","yellow3"
"371","Sample_0371","18NS389","Dahler Lake","Dahler Lake","Natural stand","16","yellow3"
"372","Sample_0372","18NS397","Dahler Lake","Dahler Lake","Natural stand","16","yellow3"
"373","Sample_0373","18NS405","Shell Lake","Shell Lake","Natural stand","16","purple4"
"374","Sample_0374","18NS413","Shell Lake","Shell Lake","Natural stand","16","purple4"
"375","Sample_0375","18NS421","Shell Lake","Shell Lake","Natural stand","16","purple4"
"376","Sample_0376","18NS429","Shell Lake","Shell Lake","Natural stand","16","purple4"
"377","Sample_0377","18NS437","Shell Lake","Shell Lake","Natural stand","16","purple4"
"378","Sample_0378","18NS445","Shell Lake","Shell Lake","Natural stand","16","purple4"
"379","Sample_0380","18NS370","Dahler Lake","Dahler Lake","Natural stand","16","yellow3"
"380","Sample_0381","18NS378","Dahler Lake","Dahler Lake","Natural stand","16","yellow3"
"381","Sample_0382","18NS390","Dahler Lake","Dahler Lake","Natural stand","16","yellow3"
"382","Sample_0383","18NS398","Dahler Lake","Dahler Lake","Natural stand","16","yellow3"
"383","Sample_0384","18NS406","Shell Lake","Shell Lake","Natural stand","16","purple4"
"384","Sample_0385","18NS414","Shell Lake","Shell Lake","Natural stand","16","purple4"
"385","Sample_0386","18NS422","Shell Lake","Shell Lake","Natural stand","16","purple4"
"386","Sample_0387","18NS430","Shell Lake","Shell Lake","Natural stand","16","purple4"
"387","Sample_0388","18NS438","Shell Lake","Shell Lake","Natural stand","16","purple4"
"388","Sample_0389","18NS446","Shell Lake","Shell Lake","Natural stand","16","purple4"
"389","Sample_0391","18NS371","Dahler Lake","Dahler Lake","Natural stand","16","yellow3"
"390","Sample_0392","18NS379","Dahler Lake","Dahler Lake","Natural stand","16","yellow3"
"391","Sample_0393","18NS391","Dahler Lake","Dahler Lake","Natural stand","16","yellow3"
"392","Sample_0394","18NS399","Dahler Lake","Dahler Lake","Natural stand","16","yellow3"
"393","Sample_0395","18NS407","Shell Lake","Shell Lake","Natural stand","16","purple4"
"394","Sample_0396","18NS415","Shell Lake","Shell Lake","Natural stand","16","purple4"
"395","Sample_0397","18NS423","Shell Lake","Shell Lake","Natural stand","16","purple4"
"396","Sample_0398","18NS431","Shell Lake","Shell Lake","Natural stand","16","purple4"
"397","Sample_0399","18NS439","Shell Lake","Shell Lake","Natural stand","16","purple4"
"398","Sample_0400","18NS447","Shell Lake","Shell Lake","Natural stand","16","purple4"
"399","Sample_0402","18NS372","Dahler Lake","Dahler Lake","Natural stand","16","yellow3"
"400","Sample_0403","18NS380","Dahler Lake","Dahler Lake","Natural stand","16","yellow3"
"401","Sample_0404","18NS392","Dahler Lake","Dahler Lake","Natural stand","16","yellow3"
"402","Sample_0405","18NS400","Dahler Lake","Dahler Lake","Natural stand","16","yellow3"
"403","Sample_0406","18NS408","Shell Lake","Shell Lake","Natural stand","16","purple4"
"404","Sample_0407","18NS416","Shell Lake","Shell Lake","Natural stand","16","purple4"
"405","Sample_0408","18NS424","Shell Lake","Shell Lake","Natural stand","16","purple4"
"406","Sample_0409","18NS432","Shell Lake","Shell Lake","Natural stand","16","purple4"
"407","Sample_0410","18NS440","Shell Lake","Shell Lake","Natural stand","16","purple4"
"408","Sample_0411","18NS448","Shell Lake","Shell Lake","Natural stand","16","purple4"
"409","Sample_0413","18NS373","Dahler Lake","Dahler Lake","Natural stand","16","yellow3"
"410","Sample_0414","18NS381","Dahler Lake","Dahler Lake","Natural stand","16","yellow3"
"411","Sample_0415","18NS385","Dahler Lake","Dahler Lake","Natural stand","16","yellow3"
"412","Sample_0416","18NS393","Dahler Lake","Dahler Lake","Natural stand","16","yellow3"
"413","Sample_0417","18NS401","Shell Lake","Shell Lake","Natural stand","16","purple4"
"414","Sample_0418","18NS409","Shell Lake","Shell Lake","Natural stand","16","purple4"
"415","Sample_0419","18NS417","Shell Lake","Shell Lake","Natural stand","16","purple4"
"416","Sample_0420","18NS425","Shell Lake","Shell Lake","Natural stand","16","purple4"
"417","Sample_0421","18NS433","Shell Lake","Shell Lake","Natural stand","16","purple4"
"418","Sample_0422","18NS441","Shell Lake","Shell Lake","Natural stand","16","purple4"
"419","Sample_0423","18NS449","Shell Lake","Shell Lake","Natural stand","16","purple4"
"420","Sample_0425","18NS374","Dahler Lake","Dahler Lake","Natural stand","16","yellow3"
"421","Sample_0426","18NS382","Dahler Lake","Dahler Lake","Natural stand","16","yellow3"
"422","Sample_0427","18NS386","Dahler Lake","Dahler Lake","Natural stand","16","yellow3"
"423","Sample_0428","18NS394","Dahler Lake","Dahler Lake","Natural stand","16","yellow3"
"424","Sample_0429","18NS402","Shell Lake","Shell Lake","Natural stand","16","purple4"
"425","Sample_0430","18NS410","Shell Lake","Shell Lake","Natural stand","16","purple4"
"426","Sample_0431","18NS418","Shell Lake","Shell Lake","Natural stand","16","purple4"
"427","Sample_0432","18NS426","Shell Lake","Shell Lake","Natural stand","16","purple4"
"428","Sample_0433","18NS434","Shell Lake","Shell Lake","Natural stand","16","purple4"
"429","Sample_0434","18NS442","Shell Lake","Shell Lake","Natural stand","16","purple4"
"430","Sample_0435","18NS450","Shell Lake","Shell Lake","Natural stand","16","purple4"
"431","Sample_0437","18NS375","Dahler Lake","Dahler Lake","Natural stand","16","yellow3"
"432","Sample_0438","18NS383","Dahler Lake","Dahler Lake","Natural stand","16","yellow3"
"433","Sample_0439","18NS387","Dahler Lake","Dahler Lake","Natural stand","16","yellow3"
"434","Sample_0440","18NS395","Dahler Lake","Dahler Lake","Natural stand","16","yellow3"
"435","Sample_0441","18NS403","Shell Lake","Shell Lake","Natural stand","16","purple4"
"436","Sample_0442","18NS411","Shell Lake","Shell Lake","Natural stand","16","purple4"
"437","Sample_0443","18NS419","Shell Lake","Shell Lake","Natural stand","16","purple4"
"438","Sample_0444","18NS427","Shell Lake","Shell Lake","Natural stand","16","purple4"
"439","Sample_0445","18NS435","Shell Lake","Shell Lake","Natural stand","16","purple4"
"440","Sample_0446","18NS443","Shell Lake","Shell Lake","Natural stand","16","purple4"
"441","Sample_0449","18NS376","Dahler Lake","Dahler Lake","Natural stand","16","yellow3"
"442","Sample_0450","18NS384","Dahler Lake","Dahler Lake","Natural stand","16","yellow3"
"443","Sample_0451","18NS388","Dahler Lake","Dahler Lake","Natural stand","16","yellow3"
"444","Sample_0452","18NS396","Dahler Lake","Dahler Lake","Natural stand","16","yellow3"
"445","Sample_0453","18NS404","Shell Lake","Shell Lake","Natural stand","16","purple4"
"446","Sample_0454","18NS412","Shell Lake","Shell Lake","Natural stand","16","purple4"
"447","Sample_0455","18NS420","Shell Lake","Shell Lake","Natural stand","16","purple4"
"448","Sample_0456","18NS428","Shell Lake","Shell Lake","Natural stand","16","purple4"
"449","Sample_0457","18NS436","Shell Lake","Shell Lake","Natural stand","16","purple4"
"450","Sample_0458","18NS444","Shell Lake","Shell Lake","Natural stand","16","purple4"
"451","Sample_0551","18NS451","Decker Lake","Decker Lake","Natural stand","16","yellow"
"452","Sample_0552","18NS459","Decker Lake","Decker Lake","Natural stand","16","yellow"
"453","Sample_0553","18NS467","Decker Lake","Decker Lake","Natural stand","16","yellow"
"454","Sample_0554","18NS479","Decker Lake","Decker Lake","Natural stand","16","yellow"
"455","Sample_0555","18NS487","Decker Lake","Decker Lake","Natural stand","16","yellow"
"456","Sample_0556","18NS495","Decker Lake","Decker Lake","Natural stand","16","yellow"
"457","Sample_0557","18NS503","Ottertail River","Ottertail River","Natural stand","15","blue"
"458","Sample_0558","18NS511","Ottertail River","Ottertail River","Natural stand","15","blue"
"459","Sample_0559","18NS519","Ottertail River","Ottertail River","Natural stand","15","blue"
"460","Sample_0560","18NS527","Ottertail River","Ottertail River","Natural stand","15","blue"
"461","Sample_0561","18NS535","Ottertail River","Ottertail River","Natural stand","15","blue"
"462","Sample_0562","18NS452","Decker Lake","Decker Lake","Natural stand","16","yellow"
"463","Sample_0563","18NS460","Decker Lake","Decker Lake","Natural stand","16","yellow"
"464","Sample_0564","18NS468","Decker Lake","Decker Lake","Natural stand","16","yellow"
"465","Sample_0565","18NS480","Decker Lake","Decker Lake","Natural stand","16","yellow"
"466","Sample_0566","18NS488","Decker Lake","Decker Lake","Natural stand","16","yellow"
"467","Sample_0567","18NS496","Decker Lake","Decker Lake","Natural stand","16","yellow"
"468","Sample_0568","18NS504","Ottertail River","Ottertail River","Natural stand","15","blue"
"469","Sample_0569","18NS512","Ottertail River","Ottertail River","Natural stand","15","blue"
"470","Sample_0570","18NS520","Ottertail River","Ottertail River","Natural stand","15","blue"
"471","Sample_0571","18NS528","Ottertail River","Ottertail River","Natural stand","15","blue"
"472","Sample_0572","18NS536","Ottertail River","Ottertail River","Natural stand","15","blue"
"473","Sample_0573","18NS453","Decker Lake","Decker Lake","Natural stand","16","yellow"
"474","Sample_0574","18NS461","Decker Lake","Decker Lake","Natural stand","16","yellow"
"475","Sample_0575","18NS469","Decker Lake","Decker Lake","Natural stand","16","yellow"
"476","Sample_0576","18NS481","Decker Lake","Decker Lake","Natural stand","16","yellow"
"477","Sample_0577","18NS489","Decker Lake","Decker Lake","Natural stand","16","yellow"
"478","Sample_0578","18NS497","Decker Lake","Decker Lake","Natural stand","16","yellow"
"479","Sample_0579","18NS505","Ottertail River","Ottertail River","Natural stand","15","blue"
"480","Sample_0580","18NS513","Ottertail River","Ottertail River","Natural stand","15","blue"
"481","Sample_0581","18NS521","Ottertail River","Ottertail River","Natural stand","15","blue"
"482","Sample_0582","18NS529","Ottertail River","Ottertail River","Natural stand","15","blue"
"483","Sample_0583","18NS537","Ottertail River","Ottertail River","Natural stand","15","blue"
"484","Sample_0584","18NS454","Decker Lake","Decker Lake","Natural stand","16","yellow"
"485","Sample_0585","18NS462","Decker Lake","Decker Lake","Natural stand","16","yellow"
"486","Sample_0586","18NS470","Decker Lake","Decker Lake","Natural stand","16","yellow"
"487","Sample_0587","18NS482","Decker Lake","Decker Lake","Natural stand","16","yellow"
"488","Sample_0588","18NS490","Decker Lake","Decker Lake","Natural stand","16","yellow"
"489","Sample_0589","18NS498","Decker Lake","Decker Lake","Natural stand","16","yellow"
"490","Sample_0590","18NS506","Ottertail River","Ottertail River","Natural stand","15","blue"
"491","Sample_0591","18NS514","Ottertail River","Ottertail River","Natural stand","15","blue"
"492","Sample_0592","18NS522","Ottertail River","Ottertail River","Natural stand","15","blue"
"493","Sample_0593","18NS530","Ottertail River","Ottertail River","Natural stand","15","blue"
"494","Sample_0594","18NS538","Ottertail River","Ottertail River","Natural stand","15","blue"
"495","Sample_0595","18NS455","Decker Lake","Decker Lake","Natural stand","16","yellow"
"496","Sample_0596","18NS463","Decker Lake","Decker Lake","Natural stand","16","yellow"
"497","Sample_0597","18NS471","Decker Lake","Decker Lake","Natural stand","16","yellow"
"498","Sample_0598","18NS475","Decker Lake","Decker Lake","Natural stand","16","yellow"
"499","Sample_0599","18NS483","Decker Lake","Decker Lake","Natural stand","16","yellow"
"500","Sample_0600","18NS491","Decker Lake","Decker Lake","Natural stand","16","yellow"
"501","Sample_0601","18NS499","Decker Lake","Decker Lake","Natural stand","16","yellow"
"502","Sample_0602","18NS507","Ottertail River","Ottertail River","Natural stand","15","blue"
"503","Sample_0603","18NS515","Ottertail River","Ottertail River","Natural stand","15","blue"
"504","Sample_0604","18NS523","Ottertail River","Ottertail River","Natural stand","15","blue"
"505","Sample_0605","18NS531","Ottertail River","Ottertail River","Natural stand","15","blue"
"506","Sample_0606","18NS539","Ottertail River","Ottertail River","Natural stand","15","blue"
"507","Sample_0607","18NS456","Decker Lake","Decker Lake","Natural stand","16","yellow"
"508","Sample_0608","18NS464","Decker Lake","Decker Lake","Natural stand","16","yellow"
"509","Sample_0609","18NS472","Decker Lake","Decker Lake","Natural stand","16","yellow"
"510","Sample_0610","18NS476","Decker Lake","Decker Lake","Natural stand","16","yellow"
"511","Sample_0611","18NS484","Decker Lake","Decker Lake","Natural stand","16","yellow"
"512","Sample_0612","18NS492","Decker Lake","Decker Lake","Natural stand","16","yellow"
"513","Sample_0613","18NS500","Decker Lake","Decker Lake","Natural stand","16","yellow"
"514","Sample_0614","18NS508","Ottertail River","Ottertail River","Natural stand","15","blue"
"515","Sample_0615","18NS516","Ottertail River","Ottertail River","Natural stand","15","blue"
"516","Sample_0616","18NS524","Ottertail River","Ottertail River","Natural stand","15","blue"
"517","Sample_0617","18NS532","Ottertail River","Ottertail River","Natural stand","15","blue"
"518","Sample_0618","18NS540","Ottertail River","Ottertail River","Natural stand","15","blue"
"519","Sample_0619","18NS457","Decker Lake","Decker Lake","Natural stand","16","yellow"
"520","Sample_0620","18NS465","Decker Lake","Decker Lake","Natural stand","16","yellow"
"521","Sample_0621","18NS473","Decker Lake","Decker Lake","Natural stand","16","yellow"
"522","Sample_0622","18NS477","Decker Lake","Decker Lake","Natural stand","16","yellow"
"523","Sample_0623","18NS485","Decker Lake","Decker Lake","Natural stand","16","yellow"
"524","Sample_0624","18NS493","Decker Lake","Decker Lake","Natural stand","16","yellow"
"525","Sample_0625","18NS501","Ottertail River","Ottertail River","Natural stand","15","blue"
"526","Sample_0626","18NS509","Ottertail River","Ottertail River","Natural stand","15","blue"
"527","Sample_0627","18NS517","Ottertail River","Ottertail River","Natural stand","15","blue"
"528","Sample_0628","18NS525","Ottertail River","Ottertail River","Natural stand","15","blue"
"529","Sample_0629","18NS533","Ottertail River","Ottertail River","Natural stand","15","blue"
"530","Sample_0630","18NS541","Ottertail River","Ottertail River","Natural stand","15","blue"
"531","Sample_0631","18NS458","Decker Lake","Decker Lake","Natural stand","16","yellow"
"532","Sample_0632","18NS466","Decker Lake","Decker Lake","Natural stand","16","yellow"
"533","Sample_0633","18NS474","Decker Lake","Decker Lake","Natural stand","16","yellow"
"534","Sample_0634","18NS478","Decker Lake","Decker Lake","Natural stand","16","yellow"
"535","Sample_0635","18NS486","Decker Lake","Decker Lake","Natural stand","16","yellow"
"536","Sample_0636","18NS494","Decker Lake","Decker Lake","Natural stand","16","yellow"
"537","Sample_0637","18NS502","Ottertail River","Ottertail River","Natural stand","15","blue"
"538","Sample_0638","18NS510","Ottertail River","Ottertail River","Natural stand","15","blue"
"539","Sample_0639","18NS518","Ottertail River","Ottertail River","Natural stand","15","blue"
"540","Sample_0640","18NS526","Ottertail River","Ottertail River","Natural stand","15","blue"
"541","Sample_0641","18NS534","Ottertail River","Ottertail River","Natural stand","15","blue"
"542","Sample_0642","18NS542","Ottertail River","Ottertail River","Natural stand","15","blue"
"543","Sample_0643","18NS543","Ottertail River","Ottertail River","Natural stand","15","blue"
"544","Sample_0644","18NS551","Phantom Lake","Phantom Lake","Natural stand","18","violetred3"
"545","Sample_0645","18NS559","Phantom Lake","Phantom Lake","Natural stand","18","violetred3"
"546","Sample_0646","18NS567","Phantom Lake","PhantomLake","Natural stand","18","violetred3"
"547","Sample_0652","18BL377","Breeding line","KPVN-C4","Breeding line","16","grey"
"548","Sample_0653","18BL385","Breeding line","VN/3*K2EF","Breeding line","16","grey"
"549","Sample_0654","18BL076","Breeding line","Itasca-C12 Dur","Breeding line","16","grey"
"550","Sample_0655","18NS544","Ottertail River","Ottertail River","Natural stand","15","blue"
"551","Sample_0656","18NS552","Phantom Lake","Phantom Lake","Natural stand","18","violetred3"
"552","Sample_0657","18NS560","Phantom Lake","Phantom Lake","Natural stand","18","violetred3"
"553","Sample_0658","18NS568","Phantom Lake","PhantomLake","Natural stand","18","violetred3"
"554","Sample_0664","18BL378","Breeding line","KPVN-C4","Breeding line","16","grey"
"555","Sample_0665","18BL386","Breeding line","VN/3*K2EF","Breeding line","16","grey"
"556","Sample_0666","18BL077","Breeding line","Itasca-C12 Dur","Breeding line","16","grey"
"557","Sample_0667","18NS545","Ottertail River","Ottertail River","Natural stand","15","blue"
"558","Sample_0668","18NS553","Phantom Lake","Phantom Lake","Natural stand","18","violetred3"
"559","Sample_0669","18NS561","Phantom Lake","Phantom Lake","Natural stand","18","violetred3"
"560","Sample_0670","18NS569","Phantom Lake","PhantomLake","Natural stand","18","violetred3"
"561","Sample_0676","18BL379","Breeding line","KPVN-C4","Breeding line","16","grey"
"562","Sample_0677","18BL387","Breeding line","VN/3*K2EF","Breeding line","16","grey"
"563","Sample_0678","18BL078","Breeding line","Itasca-C12 Dur","Breeding line","16","grey"
"564","Sample_0679","18NS546","Ottertail River","Ottertail River","Natural stand","15","blue"
"565","Sample_0680","18NS554","Phantom Lake","Phantom Lake","Natural stand","18","violetred3"
"566","Sample_0681","18NS562","Phantom Lake","PhantomLake","Natural stand","18","violetred3"
"567","Sample_0682","18NS570","Phantom Lake","PhantomLake","Natural stand","18","violetred3"
"568","Sample_0687","18BL372","Breeding line","KSVN-C4","Breeding line","16","grey"
"569","Sample_0688","18BL380","Breeding line","KPVN-C4","Breeding line","16","grey"
"570","Sample_0689","18BL388","Breeding line","VN/3*K2EF","Breeding line","16","grey"
"571","Sample_0690","18BL079","Breeding line","Itasca-C12 Dur","Breeding line","16","grey"
"572","Sample_0691","18NS547","Ottertail River","Ottertail River","Natural stand","15","blue"
"573","Sample_0692","18NS555","Phantom Lake","Phantom Lake","Natural stand","18","violetred3"
"574","Sample_0693","18NS563","Phantom Lake","PhantomLake","Natural stand","18","violetred3"
"575","Sample_0698","18BL373","Breeding line","KSVN-C4","Breeding line","16","grey"
"576","Sample_0699","18BL381","Breeding line","K2B-C16","Breeding line","16","grey"
"577","Sample_0700","18BL389","Breeding line","PLaR-C20","Breeding line","16","grey"
"578","Sample_0701","18BL080","Breeding line","Itasca-C12 Dur","Breeding line","16","grey"
"579","Sample_0702","18NS548","Ottertail River","Ottertail River","Natural stand","15","blue"
"580","Sample_0703","18NS556","Phantom Lake","Phantom Lake","Natural stand","18","violetred3"
"581","Sample_0704","18NS564","Phantom Lake","PhantomLake","Natural stand","18","violetred3"
"582","Sample_0709","18BL374","Breeding line","KSVN-C4","Breeding line","16","grey"
"583","Sample_0710","18BL382","Breeding line","K2B-C16","Breeding line","16","grey"
"584","Sample_0711","18BL390","Breeding line","PLaR-C20","Breeding line","16","grey"
"585","Sample_0712","18BL081","Breeding line","Itasca-C12 Dur","Breeding line","16","grey"
"586","Sample_0713","18NS549","Ottertail River","Ottertail River","Natural stand","15","blue"
"587","Sample_0714","18NS557","Phantom Lake","Phantom Lake","Natural stand","18","violetred3"
"588","Sample_0715","18NS565","Phantom Lake","PhantomLake","Natural stand","18","violetred3"
"589","Sample_0720","18BL375","Breeding line","KSVN-C4","Breeding line","16","grey"
"590","Sample_0721","18BL383","Breeding line","K2B-C16","Breeding line","16","grey"
"591","Sample_0722","18BL391","Breeding line","PLaR-C20","Breeding line","16","grey"
"592","Sample_0723","18BL082","Breeding line","Itasca-C12 Dur","Breeding line","16","grey"
"593","Sample_0724","18NS550","Ottertail River","Ottertail River","Natural stand","15","blue"
"594","Sample_0725","18NS558","Phantom Lake","Phantom Lake","Natural stand","18","violetred3"
"595","Sample_0726","18NS566","Phantom Lake","PhantomLake","Natural stand","18","violetred3"
"596","Sample_0731","18BL376","Breeding line","KSVN-C4","Breeding line","16","grey"
"597","Sample_0732","18BL384","Breeding line","K2B-C16","Breeding line","16","grey"
"598","Sample_0733","18BL392","Breeding line","PLaR-C20","Breeding line","16","grey"
"599","Sample_0734","18BL083","Breeding line","Itasca-C12 Dur","Breeding line","16","grey"
"600","Sample_0735","18BL151","Breeding line","Barron-GWMR","Breeding line","16","grey"
"601","Sample_0736","18BL159","Breeding line","Itasca-C12GWDCO6","Breeding line","16","grey"
"602","Sample_0737","18BL167","Breeding line","ItascaC12IMLS7","Breeding line","16","grey"
"603","Sample_0738","18BL175","Breeding line","ItascaC12DUR","Breeding line","16","grey"
"604","Sample_0739","18BL187","Breeding line","FYC20Gun91N","Breeding line","16","grey"
"605","Sample_0740","18BL203","Breeding line","Barron","Breeding line","16","grey"
"606","Sample_0741","18BL211","Breeding line","Barron","Breeding line","16","grey"
"607","Sample_0742","18BL219","Breeding line","PM3E-C24","Breeding line","16","grey"
"608","Sample_0743","18BL227","Breeding line","14S*PS-C3","Breeding line","16","grey"
"609","Sample_0744","18BL235","Breeding line","FYC20IMLO2","Breeding line","16","grey"
"610","Sample_0745","18BL152","Breeding line","Barron-GWMR","Breeding line","16","grey"
"611","Sample_0746","18BL160","Breeding line","ItascaC12IMLPG3","Breeding line","16","grey"
"612","Sample_0747","18BL168","Breeding line","FY-C20","Breeding line","16","grey"
"613","Sample_0748","18BL176","Breeding line","ItascaC12DUR","Breeding line","16","grey"
"614","Sample_0749","18BL188","Breeding line","FYC20Gun91N","Breeding line","16","grey"
"615","Sample_0750","18BL196","Breeding line","K2EFBP-C1","Breeding line","16","grey"
"616","Sample_0751","18BL204","Breeding line","Barron","Breeding line","16","grey"
"617","Sample_0752","18BL212","Breeding line","GPB/K2B-C2","Breeding line","16","grey"
"618","Sample_0753","18BL220","Breeding line","PM3E-C24","Breeding line","16","grey"
"619","Sample_0754","18BL228","Breeding line","14S*PS-C3","Breeding line","16","grey"
"620","Sample_0755","18BL236","Breeding line","FYC20IMLO2","Breeding line","16","grey"
"621","Sample_0756","18BL153","Breeding line","Barron-GWMR","Breeding line","16","grey"
"622","Sample_0757","18BL161","Breeding line","ItascaC12IMLPG3","Breeding line","16","grey"
"623","Sample_0758","18BL169","Breeding line","FY-C20","Breeding line","16","grey"
"624","Sample_0759","18BL177","Breeding line","ItascaC12DUR","Breeding line","16","grey"
"625","Sample_0760","18BL197","Breeding line","K2EFBP-C1","Breeding line","16","grey"
"626","Sample_0761","18BL205","Breeding line","Barron","Breeding line","16","grey"
"627","Sample_0762","18BL213","Breeding line","PM3/3*PBM-C3","Breeding line","16","grey"
"628","Sample_0763","18BL221","Breeding line","PM3E-C24","Breeding line","16","grey"
"629","Sample_0764","18BL229","Breeding line","14S*PS-C3","Breeding line","16","grey"
"630","Sample_0765","18BL162","Breeding line","ItascaC12IMLPG3","Breeding line","16","grey"
"631","Sample_0766","18BL170","Breeding line","Itasca-C12","Breeding line","16","grey"
"632","Sample_0767","18BL178","Breeding line","ItascaC12DUR","Breeding line","16","grey"
"633","Sample_0768","18BL198","Breeding line","K2EFBP-C1","Breeding line","16","grey"
"634","Sample_0769","18BL206","Breeding line","Barron","Breeding line","16","grey"
"635","Sample_0770","18BL214","Breeding line","PM3/3*PBM-C3","Breeding line","16","grey"
"636","Sample_0771","18BL222","Breeding line","PM3E-C24","Breeding line","16","grey"
"637","Sample_0772","18BL230","Breeding line","14S*PS-C3","Breeding line","16","grey"
"638","Sample_0773","18BL155","Breeding line","Itasca-C12GWK2","Breeding line","16","grey"
"639","Sample_0774","18BL163","Breeding line","BarronIMLQ15","Breeding line","16","grey"
"640","Sample_0775","18BL171","Breeding line","Itasca-C12","Breeding line","16","grey"
"641","Sample_0776","18BL179","Breeding line","Barron","Breeding line","16","grey"
"642","Sample_0777","18BL183","Breeding line","Barron-Gun91S","Breeding line","16","grey"
"643","Sample_0778","18BL191","Breeding line","FYC20Gun27A","Breeding line","16","grey"
"644","Sample_0779","18BL199","Breeding line","K2EFBP-C1","Breeding line","16","grey"
"645","Sample_0780","18BL207","Breeding line","Barron","Breeding line","16","grey"
"646","Sample_0781","18BL215","Breeding line","GPN-1.20","Breeding line","16","grey"
"647","Sample_0782","18BL223","Breeding line","PM3E-C24","Breeding line","16","grey"
"648","Sample_0783","18BL231","Breeding line","14S*PS-C3","Breeding line","16","grey"
"649","Sample_0784","18BL156","Breeding line","Itasca-C12GWK2","Breeding line","16","grey"
"650","Sample_0785","18BL164","Breeding line","BarronIMLQ15","Breeding line","16","grey"
"651","Sample_0786","18BL172","Breeding line","Itasca-C12","Breeding line","16","grey"
"652","Sample_0787","18BL180","Breeding line","Barron","Breeding line","16","grey"
"653","Sample_0788","18BL192","Breeding line","FYC20Gun27A","Breeding line","16","grey"
"654","Sample_0789","18BL200","Breeding line","Barron","Breeding line","16","grey"
"655","Sample_0790","18BL208","Breeding line","Barron","Breeding line","16","grey"
"656","Sample_0791","18BL216","Breeding line","GPN-1.20","Breeding line","16","grey"
"657","Sample_0792","18BL224","Breeding line","PM3E-C24","Breeding line","16","grey"
"658","Sample_0793","18BL232","Breeding line","PM3/7*K2EF","Breeding line","16","grey"
"659","Sample_0794","18BL157","Breeding line","Itasca-C12GWK2","Breeding line","16","grey"
"660","Sample_0795","18BL165","Breeding line","ItascaC12IMLS7","Breeding line","16","grey"
"661","Sample_0796","18BL173","Breeding line","Itasca-C12","Breeding line","16","grey"
"662","Sample_0797","18BL181","Breeding line","Barron-Gun91S","Breeding line","16","grey"
"663","Sample_0798","18BL193","Breeding line","FYC20Gun27A","Breeding line","16","grey"
"664","Sample_0799","18BL201","Breeding line","Barron","Breeding line","16","grey"
"665","Sample_0800","18BL209","Breeding line","Barron","Breeding line","16","grey"
"666","Sample_0801","18BL217","Breeding line","GPP-1.20","Breeding line","16","grey"
"667","Sample_0802","18BL225","Breeding line","PM3E-C24","Breeding line","16","grey"
"668","Sample_0803","18BL233","Breeding line","VE/2*14WS/*4K2EF","Breeding line","16","grey"
"669","Sample_0804","18BL166","Breeding line","ItascaC12IMLS7","Breeding line","16","grey"
"670","Sample_0805","18BL174","Breeding line","Itasca-C12","Breeding line","16","grey"
"671","Sample_0806","18BL182","Breeding line","Barron-Gun91S","Breeding line","16","grey"
"672","Sample_0807","18BL186","Breeding line","FYC20Gun91N","Breeding line","16","grey"
"673","Sample_0808","18BL202","Breeding line","Barron","Breeding line","16","grey"
"674","Sample_0809","18BL210","Breeding line","Barron","Breeding line","16","grey"
"675","Sample_0810","18BL218","Breeding line","GPP-1.20","Breeding line","16","grey"
"676","Sample_0811","18BL226","Breeding line","PM3E-C24","Breeding line","16","grey"
"677","Sample_0812","18BL234","Breeding line","FYC20IMLO2","Breeding line","16","grey"
"678","Sample_0813","18BL242","Breeding line","FY-C20 (BS)","Breeding line","16","grey"
"679","Sample_0814","18BL243","Breeding line","FY-C20 (BS)","Breeding line","16","grey"
"680","Sample_0817","18BL267","Breeding line","Itasca-C12GWDCO6","Breeding line","16","grey"
"681","Sample_0818","18BL275","Breeding line","FY-C20","Breeding line","16","grey"
"682","Sample_0819","18BL281","Breeding line","FY-C20","Breeding line","16","grey"
"683","Sample_0820","18BL289","Breeding line","PBML-C20","Breeding line","16","grey"
"684","Sample_0821","18BL297","Breeding line","Itasca-C12","Breeding line","16","grey"
"685","Sample_0822","18BL305","Breeding line","GPB/K2B-C2","Breeding line","16","grey"
"686","Sample_0823","18BL313","Breeding line","GPP-1.20","Breeding line","16","grey"
"687","Sample_0824","18BL321","Breeding line","PM3E-C24","Breeding line","16","grey"
"688","Sample_0825","18BL329","Breeding line","PM3/7*K2EF","Breeding line","16","grey"
"689","Sample_0826","18BL244","Breeding line","FY-C20 (BS)","Breeding line","16","grey"
"690","Sample_0829","18BL268","Breeding line","Itasca-C12GWDCO6","Breeding line","16","grey"
"691","Sample_0830","18BL276","Breeding line","FY-C20","Breeding line","16","grey"
"692","Sample_0831","18BL282","Breeding line","FY-C20","Breeding line","16","grey"
"693","Sample_0832","18BL290","Breeding line","PBML-C20","Breeding line","16","grey"
"694","Sample_0833","18BL298","Breeding line","Barron","Breeding line","16","grey"
"695","Sample_0834","18BL306","Breeding line","PM3/3*PBM-C3","Breeding line","16","grey"
"696","Sample_0835","18BL314","Breeding line","PM3E-C24","Breeding line","16","grey"
"697","Sample_0836","18BL322","Breeding line","PM3E-C24","Breeding line","16","grey"
"698","Sample_0837","18BL330","Breeding line","unknown","Breeding line","16","grey"
"699","Sample_0838","18BL245","Breeding line","FY-C20 (BS)","Breeding line","16","grey"
"700","Sample_0840","18BL277","Breeding line","FY-C20","Breeding line","16","grey"
"701","Sample_0841","18BL283","Breeding line","FY-C20","Breeding line","16","grey"
"702","Sample_0842","18BL291","Breeding line","PBML-C20","Breeding line","16","grey"
"703","Sample_0843","18BL299","Breeding line","Barron","Breeding line","16","grey"
"704","Sample_0844","18BL307","Breeding line","PM3/3*PBM-C3","Breeding line","16","grey"
"705","Sample_0845","18BL315","Breeding line","PM3E-C24","Breeding line","16","grey"
"706","Sample_0846","18BL323","Breeding line","14PD-C10","Breeding line","16","grey"
"707","Sample_0847","18BL331","Breeding line","VE/2*14WS/*4K2EF","Breeding line","16","grey"
"708","Sample_0848","18BL246","Breeding line","FY-C20 (BS)","Breeding line","16","grey"
"709","Sample_0850","18BL278","Breeding line","FY-C20","Breeding line","16","grey"
"710","Sample_0851","18BL284","Breeding line","FY-C20","Breeding line","16","grey"
"711","Sample_0852","18BL292","Breeding line","PBML-C20","Breeding line","16","grey"
"712","Sample_0853","18BL300","Breeding line","Barron","Breeding line","16","grey"
"713","Sample_0854","18BL308","Breeding line","PM3/3*PBM-C3","Breeding line","16","grey"
"714","Sample_0855","18BL316","Breeding line","PM3E-C24","Breeding line","16","grey"
"715","Sample_0856","18BL324","Breeding line","14PD-C10","Breeding line","16","grey"
"716","Sample_0857","18BL332","Breeding line","FY-C20-6","Breeding line","16","grey"
"717","Sample_0858","18BL247","Breeding line","FY-C20 (BS)","Breeding line","16","grey"
"718","Sample_0860","18BL285","Breeding line","PBML-C20","Breeding line","16","grey"
"719","Sample_0861","18BL293","Breeding line","PBML-C20","Breeding line","16","grey"
"720","Sample_0862","18BL309","Breeding line","PM3/3*PBM-C3","Breeding line","16","grey"
"721","Sample_0863","18BL317","Breeding line","PM3E-C24","Breeding line","16","grey"
"722","Sample_0864","18BL325","Breeding line","14S*PM3/PBM-C3","Breeding line","16","grey"
"723","Sample_0865","18BL333","Breeding line","DV3-3","Breeding line","16","grey"
"724","Sample_0866","18BL248","Breeding line","FY-C20 (BS)","Breeding line","16","grey"
"725","Sample_0868","18BL286","Breeding line","PBML-C20","Breeding line","16","grey"
"726","Sample_0869","18BL294","Breeding line","PBML-C20","Breeding line","16","grey"
"727","Sample_0870","18BL310","Breeding line","GPP-1.20","Breeding line","16","grey"
"728","Sample_0871","18BL318","Breeding line","PM3E-C24","Breeding line","16","grey"
"729","Sample_0872","18BL326","Breeding line","14S*PM3/PBM-C3","Breeding line","16","grey"
"730","Sample_0873","18BL249","Breeding line","DV3-3","Breeding line","16","grey"
"731","Sample_0875","18BL279","Breeding line","FY-C20","Breeding line","16","grey"
"732","Sample_0876","18BL287","Breeding line","PBML-C20","Breeding line","16","grey"
"733","Sample_0877","18BL295","Breeding line","PBML-C20","Breeding line","16","grey"
"734","Sample_0878","18BL303","Breeding line","K2EFBP-C1","Breeding line","16","grey"
"735","Sample_0879","18BL311","Breeding line","GPP-1.20","Breeding line","16","grey"
"736","Sample_0880","18BL319","Breeding line","PM3E-C24","Breeding line","16","grey"
"737","Sample_0881","18BL327","Breeding line","14S*PM3/PBM-C3","Breeding line","16","grey"
"738","Sample_0882","18BL335","Breeding line","DV4-2","Breeding line","16","grey"
"739","Sample_0885","18BL266","Breeding line","DV3-3","Breeding line","16","grey"
"740","Sample_0886","18BL280","Breeding line","FY-C20","Breeding line","16","grey"
"741","Sample_0887","18BL288","Breeding line","PBML-C20","Breeding line","16","grey"
"742","Sample_0888","18BL296","Breeding line","Itasca-C12","Breeding line","16","grey"
"743","Sample_0889","18BL304","Breeding line","GPB/K2B-C2","Breeding line","16","grey"
"744","Sample_0890","18BL312","Breeding line","GPP-1.20","Breeding line","16","grey"
"745","Sample_0891","18BL320","Breeding line","PM3E-C24","Breeding line","16","grey"
"746","Sample_0892","18BL328","Breeding line","PM3/7*K2EF","Breeding line","16","grey"
"747","Sample_0893","18BL336","Breeding line","DV4-2","Breeding line","16","grey"
"748","Sample_0894","18BL393","Breeding line","K2EF-C16","Breeding line","16","grey"
"749","Sample_0895","18BL401","Breeding line","K2EF-C16","Breeding line","16","grey"
"750","Sample_0896","18BL409","Breeding line","K2EF-C16","Breeding line","16","grey"
"751","Sample_0897","18BL417","Breeding line","Johnson X Dora F4","Breeding line","16","grey"
"752","Sample_0898","18BL425","Breeding line","Johnson X Dora F4","Breeding line","16","grey"
"753","Sample_0899","18BL437","Breeding line","Johnson X Dora F4","Breeding line","16","grey"
"754","Sample_0900","18BL445","Breeding line","Johnson X Dora F4","Breeding line","16","grey"
"755","Sample_0901","18BL453","Breeding line","Johnson X Dora F4","Breeding line","16","grey"
"756","Sample_0902","18BL461","Breeding line","Johnson X Dora F4","Breeding line","16","grey"
"757","Sample_0903","18BL469","Breeding line","Johnson X Dora F4","Breeding line","16","grey"
"758","Sample_0904","18BL477","Breeding line","Johnson X Dora F4","Breeding line","16","grey"
"759","Sample_0905","18BL394","Breeding line","K2EF-C16","Breeding line","16","grey"
"760","Sample_0906","18BL402","Breeding line","K2EF-C16","Breeding line","16","grey"
"761","Sample_0907","18BL410","Breeding line","K2EF-C16","Breeding line","16","grey"
"762","Sample_0908","18BL418","Breeding line","Johnson X Dora F4","Breeding line","16","grey"
"763","Sample_0909","18BL426","Breeding line","Johnson X Dora F4","Breeding line","16","grey"
"764","Sample_0910","18BL438","Breeding line","Johnson X Dora F4","Breeding line","16","grey"
"765","Sample_0911","18BL446","Breeding line","Johnson X Dora F4","Breeding line","16","grey"
"766","Sample_0912","18BL454","Breeding line","Johnson X Dora F4","Breeding line","16","grey"
"767","Sample_0913","18BL462","Breeding line","Johnson X Dora F4","Breeding line","16","grey"
"768","Sample_0914","18BL470","Breeding line","Johnson X Dora F4","Breeding line","16","grey"
"769","Sample_0915","18BL478","Breeding line","Johnson X Dora F4","Breeding line","16","grey"
"770","Sample_0916","18BL395","Breeding line","K2EF-C16","Breeding line","16","grey"
"771","Sample_0917","18BL403","Breeding line","K2EF-C16","Breeding line","16","grey"
"772","Sample_0918","18BL411","Breeding line","K2EF-C16","Breeding line","16","grey"
"773","Sample_0919","18BL419","Breeding line","Johnson X Dora F4","Breeding line","16","grey"
"774","Sample_0920","18BL427","Breeding line","Johnson X Dora F4","Breeding line","16","grey"
"775","Sample_0921","18BL439","Breeding line","Johnson X Dora F4","Breeding line","16","grey"
"776","Sample_0922","18BL447","Breeding line","Johnson X Dora F4","Breeding line","16","grey"
"777","Sample_0923","18BL455","Breeding line","Johnson X Dora F4","Breeding line","16","grey"
"778","Sample_0924","18BL463","Breeding line","Johnson X Dora F4","Breeding line","16","grey"
"779","Sample_0925","18BL471","Breeding line","Johnson X Dora F4","Breeding line","16","grey"
"780","Sample_0926","18BL479","Breeding line","Johnson X Dora F4","Breeding line","16","grey"
"781","Sample_0927","18BL396","Breeding line","K2EF-C16","Breeding line","16","grey"
"782","Sample_0928","18BL404","Breeding line","K2EF-C16","Breeding line","16","grey"
"783","Sample_0929","18BL412","Breeding line","K2EF-C16","Breeding line","16","grey"
"784","Sample_0930","18BL420","Breeding line","Johnson X Dora F4","Breeding line","16","grey"
"785","Sample_0931","18BL428","Breeding line","Johnson X Dora F4","Breeding line","16","grey"
"786","Sample_0932","18BL440","Breeding line","Johnson X Dora F4","Breeding line","16","grey"
"787","Sample_0933","18BL448","Breeding line","Johnson X Dora F4","Breeding line","16","grey"
"788","Sample_0934","18BL456","Breeding line","Johnson X Dora F4","Breeding line","16","grey"
"789","Sample_0935","18BL464","Breeding line","Johnson X Dora F4","Breeding line","16","grey"
"790","Sample_0936","18BL472","Breeding line","Johnson X Dora F4","Breeding line","16","grey"
"791","Sample_0937","18BL480","Breeding line","Johnson X Dora F4","Breeding line","16","grey"
"792","Sample_0938","18BL397","Breeding line","K2EF-C16","Breeding line","16","grey"
"793","Sample_0939","18BL405","Breeding line","K2EF-C16","Breeding line","16","grey"
"794","Sample_0940","18BL413","Breeding line","Johnson X Dora F4","Breeding line","16","grey"
"795","Sample_0941","18BL421","Breeding line","Johnson X Dora F4","Breeding line","16","grey"
"796","Sample_0942","18BL429","Breeding line","Johnson X Dora F4","Breeding line","16","grey"
"797","Sample_0943","18BL433","Breeding line","Johnson X Dora F4","Breeding line","16","grey"
"798","Sample_0944","18BL441","Breeding line","Johnson X Dora F4","Breeding line","16","grey"
"799","Sample_0945","18BL449","Breeding line","Johnson X Dora F4","Breeding line","16","grey"
"800","Sample_0946","18BL457","Breeding line","Johnson X Dora F4","Breeding line","16","grey"
"801","Sample_0947","18BL465","Breeding line","Johnson X Dora F4","Breeding line","16","grey"
"802","Sample_0948","18BL473","Breeding line","Johnson X Dora F4","Breeding line","16","grey"
"803","Sample_0949","18BL481","Breeding line","Johnson X Dora F4","Breeding line","16","grey"
"804","Sample_0950","18BL398","Breeding line","K2EF-C16","Breeding line","16","grey"
"805","Sample_0951","18BL406","Breeding line","K2EF-C16","Breeding line","16","grey"
"806","Sample_0952","18BL414","Breeding line","Johnson X Dora F4","Breeding line","16","grey"
"807","Sample_0953","18BL422","Breeding line","Johnson X Dora F4","Breeding line","16","grey"
"808","Sample_0954","18BL430","Breeding line","Johnson X Dora F4","Breeding line","16","grey"
"809","Sample_0955","18BL434","Breeding line","Johnson X Dora F4","Breeding line","16","grey"
"810","Sample_0956","18BL442","Breeding line","Johnson X Dora F4","Breeding line","16","grey"
"811","Sample_0957","18BL450","Breeding line","Johnson X Dora F4","Breeding line","16","grey"
"812","Sample_0958","18BL458","Breeding line","Johnson X Dora F4","Breeding line","16","grey"
"813","Sample_0959","18BL466","Breeding line","Johnson X Dora F4","Breeding line","16","grey"
"814","Sample_0960","18BL474","Breeding line","Johnson X Dora F4","Breeding line","16","grey"
"815","Sample_0961","18BL482","Breeding line","Johnson X Dora F4","Breeding line","16","grey"
"816","Sample_0962","18BL399","Breeding line","K2EF-C16","Breeding line","16","grey"
"817","Sample_0963","18BL407","Breeding line","K2EF-C16","Breeding line","16","grey"
"818","Sample_0964","18BL415","Breeding line","Johnson X Dora F4","Breeding line","16","grey"
"819","Sample_0965","18BL423","Breeding line","Johnson X Dora F4","Breeding line","16","grey"
"820","Sample_0966","18BL431","Breeding line","Johnson X Dora F4","Breeding line","16","grey"
"821","Sample_0967","18BL435","Breeding line","Johnson X Dora F4","Breeding line","16","grey"
"822","Sample_0968","18BL443","Breeding line","Johnson X Dora F4","Breeding line","16","grey"
"823","Sample_0969","18BL451","Breeding line","Johnson X Dora F4","Breeding line","16","grey"
"824","Sample_0970","18BL459","Breeding line","Johnson X Dora F4","Breeding line","16","grey"
"825","Sample_0971","18BL467","Breeding line","Johnson X Dora F4","Breeding line","16","grey"
"826","Sample_0972","18BL475","Breeding line","Johnson X Dora F4","Breeding line","16","grey"
"827","Sample_0973","18BL483","Breeding line","Johnson X Dora F4","Breeding line","16","grey"
"828","Sample_0974","18BL400","Breeding line","K2EF-C16","Breeding line","16","grey"
"829","Sample_0975","18BL408","Breeding line","K2EF-C16","Breeding line","16","grey"
"830","Sample_0976","18BL416","Breeding line","Johnson X Dora F4","Breeding line","16","grey"
"831","Sample_0977","18BL424","Breeding line","Johnson X Dora F4","Breeding line","16","grey"
"832","Sample_0978","18BL432","Breeding line","Johnson X Dora F4","Breeding line","16","grey"
"833","Sample_0979","18BL436","Breeding line","Johnson X Dora F4","Breeding line","16","grey"
"834","Sample_0980","18BL444","Breeding line","Johnson X Dora F4","Breeding line","16","grey"
"835","Sample_0981","18BL452","Breeding line","Johnson X Dora F4","Breeding line","16","grey"
"836","Sample_0982","18BL460","Breeding line","Johnson X Dora F4","Breeding line","16","grey"
"837","Sample_0983","18BL468","Breeding line","Johnson X Dora F4","Breeding line","16","grey"
"838","Sample_0984","18BL476","Breeding line","Johnson X Dora F4","Breeding line","16","grey"
"839","Sample_0985","18BL484","Breeding line","Johnson X Dora F4","Breeding line","16","grey"
"840","Sample_0986","18BL485","Breeding line","Johnson X Dora F4","Breeding line","16","grey"
"841","Sample_0987","18BL493","Breeding line","Johnson X Dora F4","Breeding line","16","grey"
"842","Sample_0988","18BL501","Breeding line","Johnson X Dora F4","Breeding line","16","grey"
"843","Sample_0989","18BL509","Breeding line","Johnson X Dora F4","Breeding line","16","grey"
"844","Sample_0990","18BL517","Breeding line","Johnson X Dora F4","Breeding line","16","grey"
"845","Sample_0991","18NS571","Mud Hen Lake","Mud Hen Lake","Natural stand","18","green"
"846","Sample_0992","18NS575","Mud Hen Lake","Mud Hen Lake","Natural stand","18","green"
"847","Sample_0993","18DV001","Breeding line","DV","Breeding line","16","grey"
"848","Sample_0994","18DV009","Breeding line","DV","Breeding line","16","grey"
"849","Sample_0995","18BL486","Breeding line","Johnson X Dora F4","Breeding line","16","grey"
"850","Sample_0996","18BL494","Breeding line","Johnson X Dora F4","Breeding line","16","grey"
"851","Sample_0997","18BL502","Breeding line","Johnson X Dora F4","Breeding line","16","grey"
"852","Sample_0998","18BL510","Breeding line","Johnson X Dora F4","Breeding line","16","grey"
"853","Sample_0999","18BL518","Breeding line","Johnson X Dora F4","Breeding line","16","grey"
"854","Sample_1000","18NS572","Mud Hen Lake","Mud Hen Lake","Natural stand","18","green"
"855","Sample_1001","18NS576","Mud Hen Lake","Mud Hen Lake","Natural stand","18","green"
"856","Sample_1002","18DV002","Breeding line","DV","Breeding line","16","grey"
"857","Sample_1003","18DV010","Breeding line","DV","Breeding line","16","grey"
"858","Sample_1004","18BL487","Breeding line","Johnson X Dora F4","Breeding line","16","grey"
"859","Sample_1005","18BL495","Breeding line","Johnson X Dora F4","Breeding line","16","grey"
"860","Sample_1006","18BL503","Breeding line","Johnson X Dora F4","Breeding line","16","grey"
"861","Sample_1007","18BL511","Breeding line","Johnson X Dora F4","Breeding line","16","grey"
"862","Sample_1008","18BL519","Breeding line","Johnson X Dora F4","Breeding line","16","grey"
"863","Sample_1009","18NS573","Mud Hen Lake","Mud Hen Lake","Natural stand","18","green"
"864","Sample_1010","18NS577","Mud Hen Lake","Mud Hen Lake","Natural stand","18","green"
"865","Sample_1011","18DV003","Breeding line","DV","Breeding line","16","grey"
"866","Sample_1012","18BL488","Breeding line","Johnson X Dora F4","Breeding line","16","grey"
"867","Sample_1013","18BL496","Breeding line","Johnson X Dora F4","Breeding line","16","grey"
"868","Sample_1014","18BL504","Breeding line","Johnson X Dora F4","Breeding line","16","grey"
"869","Sample_1015","18BL512","Breeding line","Johnson X Dora F4","Breeding line","16","grey"
"870","Sample_1016","18BL520","Breeding line","Johnson X Dora F4","Breeding line","16","grey"
"871","Sample_1017","18NS574","Mud Hen Lake","Mud Hen Lake","Natural stand","18","green"
"872","Sample_1018","18NS578","Mud Hen Lake","Mud Hen Lake","Natural stand","18","green"
"873","Sample_1019","18DV004","Breeding line","DV","Breeding line","16","grey"
"874","Sample_1020","18BL489","Breeding line","Johnson X Dora F4","Breeding line","16","grey"
"875","Sample_1021","18BL497","Breeding line","Johnson X Dora F4","Breeding line","16","grey"
"876","Sample_1022","18BL505","Breeding line","Johnson X Dora F4","Breeding line","16","grey"
"877","Sample_1023","18BL513","Breeding line","Johnson X Dora F4","Breeding line","16","grey"
"878","Sample_1024","18BL521","Breeding line","Johnson X Dora F4","Breeding line","16","grey"
"879","Sample_1025","18NS579","Mud Hen Lake","Mud Hen Lake","Natural stand","18","green"
"880","Sample_1026","18DV005","Breeding line","DV","Breeding line","16","grey"
"881","Sample_1027","18BL490","Breeding line","Johnson X Dora F4","Breeding line","16","grey"
"882","Sample_1028","18BL498","Breeding line","Johnson X Dora F4","Breeding line","16","grey"
"883","Sample_1029","18BL506","Breeding line","Johnson X Dora F4","Breeding line","16","grey"
"884","Sample_1030","18BL514","Breeding line","Johnson X Dora F4","Breeding line","16","grey"
"885","Sample_1031","18BL522","Breeding line","Johnson X Dora F4","Breeding line","16","grey"
"886","Sample_1032","18NS580","Mud Hen Lake","Mud Hen Lake","Natural stand","18","green"
"887","Sample_1033","18DV006","Breeding line","DV","Breeding line","16","grey"
"888","Sample_1034","18BL491","Breeding line","Johnson X Dora F4","Breeding line","16","grey"
"889","Sample_1035","18BL499","Breeding line","Johnson X Dora F4","Breeding line","16","grey"
"890","Sample_1036","18BL507","Breeding line","Johnson X Dora F4","Breeding line","16","grey"
"891","Sample_1037","18BL515","Breeding line","Johnson X Dora F4","Breeding line","16","grey"
"892","Sample_1038","18BL523","Breeding line","Johnson X Dora F4","Breeding line","16","grey"
"893","Sample_1039","18BL524","Breeding line","ItascaHaploid","Breeding line","16","grey"
"894","Sample_1040","18DV007","Breeding line","DV","Breeding line","16","grey"
"895","Sample_1041","18BL492","Breeding line","Johnson X Dora F4","Breeding line","16","grey"
"896","Sample_1042","18BL500","Breeding line","Johnson X Dora F4","Breeding line","16","grey"
"897","Sample_1043","18BL508","Breeding line","Johnson X Dora F4","Breeding line","16","grey"
"898","Sample_1044","18BL516","Breeding line","Johnson X Dora F4","Breeding line","16","grey"
"899","Sample_1045","18BL525","Breeding line","ItascaHaploid","Breeding line","16","grey"
"900","Sample_1046","18DV008","Breeding line","DV","Breeding line","16","grey"
"901","Sample_1047","FY-C20","Breeding line","FY-C20","Breeding line","16","grey"
"902","Sample_1048","14S-PS","Breeding line","14S-PS","Breeding line","16","grey"
"903","Sample_1049","GarfieldLake","Garfield Lake","Garfield Lake","Natural stand","16","green3"
"904","Sample_1050","Itasca-C12","Breeding line","Itasca-C12","Breeding line","16","grey"
"905","Sample_1052","NecktieLake","Necktie River","Necktie River","Natural stand","16","blue4"
"906","Sample_1053","PM3E","Breeding line","PM3E","Breeding line","16","grey"
"907","Sample_1054","UpperRiceLake","Upper Rice Lake","Upper Rice Lake","Natural stand","15","purple"
